text,newsela_score,Subordination,Complements,Coordination,Apposition,Passive verbs,Parataxis,Auxiliary Verbs,Negation,Prepositional Phrases,Modifiers,Mean word length,Mean sentence length,Basic english ratio,Syllables per sentence,Type token ratio,#nouns,#verbs,#adjectives,#adverbs,#pronouns,#commas
44452,1250,0.6538461538461539,0.6153846153846154,0.4230769230769231,0.25,0.1346153846153846,0.019230769230769232,1.0384615384615385,0.09615384615384616,1.7884615384615385,2.0576923076923075,4.473884140550807,22.891304347826086,3.990291262135922,34.04347826086956,0.4226020892687559,6.3478260869565215,3.5434782608695654,1.0434782608695652,0.9130434782608695,1.2391304347826086,1.108695652173913
44089,660,0.18518518518518517,0.25925925925925924,0.3148148148148148,0.1111111111111111,0.14814814814814814,0.0,0.42592592592592593,0.05555555555555555,1.0740740740740742,1.2407407407407407,4.181543116490166,12.711538461538462,3.451219512195122,17.03846153846154,0.4568835098335855,3.9038461538461537,1.8461538461538463,0.6923076923076923,0.40384615384615385,0.6730769230769231,0.38461538461538464
44271,1060,0.2909090909090909,0.45454545454545453,0.4727272727272727,0.05454545454545454,0.2,0.01818181818181818,0.8363636363636363,0.07272727272727272,1.6181818181818182,1.981818181818182,4.3272921108742,18.76,3.6122448979591835,26.2,0.4136460554371002,4.46,2.96,1.76,0.78,0.64,0.78
43993,810,0.375,0.5625,0.375,0.03125,0.0625,0.0,0.9375,0.125,0.9375,1.4375,4.082926829268293,14.385964912280702,3.2952380952380955,19.0,0.4609756097560976,3.087719298245614,2.8771929824561404,1.3859649122807018,0.7017543859649122,0.9122807017543859,0.631578947368421
44384,850,0.3333333333333333,0.40350877192982454,0.14035087719298245,0.017543859649122806,0.05263157894736842,0.03508771929824561,0.43859649122807015,0.07017543859649122,1.2280701754385965,1.4736842105263157,4.149870801033591,14.333333333333334,3.307692307692308,19.0,0.4263565891472868,4.092592592592593,2.185185185185185,1.0555555555555556,0.6296296296296297,0.6111111111111112,0.5740740740740741
44107,610,0.2631578947368421,0.42105263157894735,0.07894736842105263,0.0,0.05263157894736842,0.0,0.5526315789473685,0.21052631578947367,0.6052631578947368,1.5789473684210527,4.205882352941177,11.657142857142857,2.741379310344828,15.8,0.4362745098039216,2.657142857142857,2.0,1.1714285714285715,0.9428571428571428,0.7428571428571429,0.3142857142857143
44256,830,0.3392857142857143,0.35714285714285715,0.25,0.10714285714285714,0.10714285714285714,0.0,0.6785714285714286,0.17857142857142858,0.9285714285714286,1.8392857142857142,4.208173690932312,13.736842105263158,4.2592592592592595,19.45614035087719,0.46871008939974457,3.543859649122807,2.1228070175438596,0.9298245614035088,0.8771929824561403,0.5263157894736842,0.43859649122807015
44256,1050,0.6170212765957447,0.3191489361702128,0.3829787234042553,0.23404255319148937,0.14893617021276595,0.0,0.7872340425531915,0.2127659574468085,1.3404255319148937,2.0425531914893615,4.16060225846926,18.976190476190474,4.597402597402597,26.61904761904762,0.4730238393977415,4.928571428571429,2.9047619047619047,1.2619047619047619,1.0476190476190477,0.6666666666666666,0.5714285714285714
44395,670,0.11538461538461539,0.4423076923076923,0.17307692307692307,0.0,0.07692307692307693,0.0,0.7692307692307693,0.057692307692307696,0.7884615384615384,1.0576923076923077,4.2166377816291165,11.775510204081632,3.5588235294117645,16.489795918367346,0.45233968804159447,3.122448979591837,2.204081632653061,0.7959183673469388,0.5714285714285714,0.7346938775510204,0.2653061224489796
44581,870,0.391304347826087,0.4782608695652174,0.2898550724637681,0.057971014492753624,0.21739130434782608,0.0,0.8840579710144928,0.057971014492753624,1.2753623188405796,1.0869565217391304,4.347298787210584,14.868852459016393,3.6893203883495143,20.672131147540984,0.45865490628445427,4.163934426229508,2.819672131147541,0.819672131147541,0.3770491803278688,0.7704918032786885,0.5081967213114754
44322,1090,0.3448275862068966,0.6896551724137931,0.5344827586206896,0.20689655172413793,0.13793103448275862,0.0,0.7241379310344828,0.06896551724137931,1.7241379310344827,2.0344827586206895,4.457252641690682,19.641509433962263,4.29126213592233,28.69811320754717,0.4553314121037464,5.9245283018867925,2.69811320754717,1.2641509433962264,0.4528301886792453,0.9245283018867925,1.0377358490566038
44428,580,0.1111111111111111,0.18518518518518517,0.05555555555555555,0.07407407407407407,0.018518518518518517,0.018518518518518517,0.24074074074074073,0.05555555555555555,0.9444444444444444,1.0185185185185186,3.9850187265917603,10.89795918367347,3.6562499999999996,14.306122448979592,0.47191011235955055,3.6122448979591835,1.530612244897959,0.6122448979591837,0.32653061224489793,0.5102040816326531,0.20408163265306123
44442,380,0.04,0.32,0.1,0.02,0.14,0.0,0.5,0.12,0.74,0.62,3.76056338028169,8.875,3.137931034482759,11.1875,0.460093896713615,2.0416666666666665,1.7291666666666667,0.5625,0.375,0.7291666666666666,0.14583333333333334
44271,820,0.25,0.42857142857142855,0.21428571428571427,0.017857142857142856,0.10714285714285714,0.0,0.6607142857142857,0.05357142857142857,1.5,1.25,4.221333333333333,14.705882352941176,3.265060240963855,19.607843137254903,0.3973333333333333,3.9215686274509802,2.3529411764705883,1.0196078431372548,0.5490196078431373,0.5098039215686274,0.5490196078431373
44472,660,0.2413793103448276,0.3620689655172414,0.3103448275862069,0.13793103448275862,0.0,0.0,0.39655172413793105,0.15517241379310345,0.9310344827586207,1.5344827586206897,3.6023316062176165,14.036363636363637,3.3604651162790695,17.490909090909092,0.4028497409326425,3.1272727272727274,1.981818181818182,0.8909090909090909,0.8727272727272727,1.2727272727272727,0.509090909090909
44442,800,0.2982456140350877,0.3333333333333333,0.2807017543859649,0.05263157894736842,0.15789473684210525,0.0,0.6140350877192983,0.10526315789473684,1.3157894736842106,1.1228070175438596,3.9908616187989554,14.452830188679245,3.511111111111111,19.28301886792453,0.43994778067885115,3.6226415094339623,2.207547169811321,0.9056603773584906,0.5094339622641509,0.9245283018867925,0.660377358490566
44107,830,0.34545454545454546,0.509090909090909,0.21818181818181817,0.01818181818181818,0.07272727272727272,0.0,0.5636363636363636,0.16363636363636364,0.8909090909090909,1.7272727272727273,4.450819672131147,14.352941176470589,3.0,20.45098039215686,0.3907103825136612,3.6666666666666665,2.2941176470588234,1.2352941176470589,1.0196078431372548,0.5294117647058824,0.47058823529411764
42157,560,0.2,0.4153846153846154,0.23076923076923078,0.015384615384615385,0.046153846153846156,0.0,0.676923076923077,0.09230769230769231,0.7538461538461538,0.7538461538461538,3.903076923076923,10.483870967741936,2.8372093023255816,13.435483870967742,0.42153846153846153,2.7580645161290325,2.0161290322580645,0.5645161290322581,0.3709677419354839,0.7419354838709677,0.1935483870967742
44452,1040,0.5454545454545454,0.5757575757575758,0.2727272727272727,0.18181818181818182,0.15151515151515152,0.015151515151515152,0.9848484848484849,0.09090909090909091,1.4393939393939394,1.5151515151515151,4.3719676549865225,18.864406779661017,3.6410256410256405,27.35593220338983,0.4132973944294699,5.254237288135593,3.23728813559322,0.8135593220338984,0.6440677966101694,1.0677966101694916,0.7966101694915254
44367,1030,0.5735294117647058,0.5588235294117647,0.23529411764705882,0.14705882352941177,0.16176470588235295,0.029411764705882353,0.8382352941176471,0.10294117647058823,1.3088235294117647,2.1176470588235294,4.421328671328672,18.158730158730158,4.054054054054054,25.571428571428573,0.416958041958042,5.142857142857143,3.0317460317460316,1.380952380952381,0.5555555555555556,0.7777777777777778,1.0
42157,830,0.391304347826087,0.43478260869565216,0.36231884057971014,0.028985507246376812,0.11594202898550725,0.0,0.782608695652174,0.10144927536231885,1.2028985507246377,1.1159420289855073,4.101063829787234,14.461538461538462,3.3867924528301887,19.338461538461537,0.42127659574468085,3.6923076923076925,2.4923076923076923,0.9384615384615385,0.5384615384615384,0.8615384615384616,0.6615384615384615
44089,510,0.08888888888888889,0.13333333333333333,0.15555555555555556,0.08888888888888889,0.1111111111111111,0.0,0.4,0.044444444444444446,0.9777777777777777,0.9555555555555556,4.133187772925764,10.651162790697674,3.0882352941176467,13.953488372093023,0.48253275109170307,3.186046511627907,1.558139534883721,0.6976744186046512,0.23255813953488372,0.627906976744186,0.20930232558139536
44367,1150,0.6909090909090909,0.5818181818181818,0.36363636363636365,0.21818181818181817,0.09090909090909091,0.01818181818181818,0.6727272727272727,0.10909090909090909,1.4181818181818182,2.618181818181818,4.51207729468599,20.7,4.148148148148148,29.34,0.4618357487922705,6.1,3.14,1.94,0.6,0.76,1.18
44221,620,0.16981132075471697,0.6981132075471698,0.05660377358490566,0.03773584905660377,0.05660377358490566,0.0,0.49056603773584906,0.09433962264150944,0.8490566037735849,0.6415094339622641,3.9727891156462585,12.25,3.5967741935483866,15.25,0.42517006802721086,3.2916666666666665,2.3333333333333335,0.2916666666666667,0.3541666666666667,1.3541666666666667,0.3333333333333333
44508,560,0.3148148148148148,0.4074074074074074,0.09259259259259259,0.037037037037037035,0.018518518518518517,0.0,0.8148148148148148,0.05555555555555555,0.5185185185185185,0.9629629629629629,4.130268199233717,10.44,3.6981132075471694,13.54,0.4157088122605364,3.2,1.92,0.74,0.44,0.58,0.26
44300,1130,0.5172413793103449,0.5689655172413793,0.7068965517241379,0.15517241379310345,0.08620689655172414,0.034482758620689655,0.603448275862069,0.22413793103448276,1.7413793103448276,2.206896551724138,4.2859649122807015,21.11111111111111,3.821138211382114,29.074074074074073,0.45087719298245615,5.666666666666667,3.037037037037037,1.2592592592592593,1.0185185185185186,0.9074074074074074,1.537037037037037
44357,890,0.2,0.4727272727272727,0.18181818181818182,0.2727272727272727,0.07272727272727272,0.0,0.6363636363636364,0.07272727272727272,1.290909090909091,1.690909090909091,4.234993614303959,15.352941176470589,3.903614457831325,21.19607843137255,0.44572158365261816,4.529411764705882,2.607843137254902,0.9411764705882353,0.39215686274509803,0.4117647058823529,0.5490196078431373
44256,570,0.17391304347826086,0.1956521739130435,0.10869565217391304,0.043478260869565216,0.10869565217391304,0.0,0.43478260869565216,0.10869565217391304,0.5652173913043478,1.4130434782608696,4.214285714285714,10.043478260869565,3.196969696969697,14.043478260869565,0.4805194805194805,2.630434782608696,1.608695652173913,0.782608695652174,0.6521739130434783,0.30434782608695654,0.15217391304347827
44452,580,0.3333333333333333,0.5789473684210527,0.12280701754385964,0.03508771929824561,0.24561403508771928,0.0,1.0350877192982457,0.08771929824561403,0.7017543859649122,0.8245614035087719,4.111111111111111,11.618181818181819,3.3142857142857145,15.309090909090909,0.4084507042253521,2.8181818181818183,2.618181818181818,0.4727272727272727,0.45454545454545453,0.9454545454545454,0.34545454545454546
44508,830,0.39344262295081966,0.5081967213114754,0.16393442622950818,0.04918032786885246,0.08196721311475409,0.0,0.9016393442622951,0.04918032786885246,0.9344262295081968,1.6229508196721312,4.224619289340102,14.071428571428571,3.702380952380952,19.017857142857142,0.4289340101522843,3.892857142857143,2.482142857142857,0.9642857142857143,0.75,0.7142857142857143,0.3392857142857143
44508,1220,0.7631578947368421,0.6578947368421053,0.2631578947368421,0.10526315789473684,0.07894736842105263,0.0,1.131578947368421,0.05263157894736842,1.9736842105263157,2.6052631578947367,4.387942332896461,21.8,4.0843373493975905,30.742857142857144,0.46526867627785057,6.2,3.4571428571428573,1.2571428571428571,1.2285714285714286,0.8571428571428571,0.8285714285714286
44221,810,0.3114754098360656,0.6229508196721312,0.3114754098360656,0.01639344262295082,0.03278688524590164,0.0,0.639344262295082,0.18032786885245902,1.1967213114754098,0.9508196721311475,3.9176072234762978,15.821428571428571,3.9647058823529413,19.928571428571427,0.4164785553047404,3.767857142857143,2.732142857142857,0.44642857142857145,0.625,1.7321428571428572,0.7321428571428571
42157,920,0.5138888888888888,0.4583333333333333,0.4305555555555556,0.027777777777777776,0.1111111111111111,0.013888888888888888,0.75,0.08333333333333333,1.4027777777777777,1.5277777777777777,4.162748643761302,16.264705882352942,3.4720000000000004,21.897058823529413,0.4267631103074141,4.1911764705882355,2.6029411764705883,1.1323529411764706,0.5441176470588235,0.9264705882352942,0.8088235294117647
44352,540,0.13114754098360656,0.14754098360655737,0.13114754098360656,0.01639344262295082,0.03278688524590164,0.0,0.5245901639344263,0.13114754098360656,0.6885245901639344,1.1967213114754098,3.907563025210084,10.43859649122807,3.2285714285714286,13.210526315789474,0.42016806722689076,2.912280701754386,1.5614035087719298,0.7543859649122807,0.5087719298245614,0.6140350877192983,0.14035087719298245
44107,1030,0.5,0.6296296296296297,0.48148148148148145,0.037037037037037035,0.12962962962962962,0.0,0.7777777777777778,0.24074074074074073,1.5925925925925926,2.0185185185185186,4.574288724973656,19.367346938775512,3.4599999999999995,28.857142857142858,0.40042149631190727,4.775510204081633,2.9591836734693877,1.6122448979591837,1.163265306122449,0.7959183673469388,0.8367346938775511
44418,570,0.10416666666666667,0.4166666666666667,0.14583333333333334,0.0,0.0625,0.0,0.5208333333333334,0.0,1.0,0.7916666666666666,4.105485232067511,10.304347826086957,2.6493506493506493,12.956521739130435,0.47468354430379744,2.869565217391304,1.9782608695652173,0.45652173913043476,0.2826086956521739,0.5434782608695652,0.13043478260869565
41496,610,0.21951219512195122,0.4146341463414634,0.0975609756097561,0.024390243902439025,0.07317073170731707,0.0,0.7317073170731707,0.024390243902439025,0.7560975609756098,1.146341463414634,4.252293577981652,12.11111111111111,3.098360655737705,16.11111111111111,0.481651376146789,3.5555555555555554,2.4722222222222223,0.8333333333333334,0.3333333333333333,0.6666666666666666,0.08333333333333333
44581,1030,0.5833333333333334,0.55,0.43333333333333335,0.05,0.21666666666666667,0.0,0.8333333333333334,0.1,1.5666666666666667,1.5166666666666666,4.3180873180873185,18.5,3.6634615384615383,25.865384615384617,0.4293139293139293,5.0,3.269230769230769,0.9230769230769231,0.6538461538461539,1.1346153846153846,0.6538461538461539
44384,560,0.09803921568627451,0.37254901960784315,0.17647058823529413,0.0196078431372549,0.058823529411764705,0.0,0.5098039215686274,0.09803921568627451,0.9215686274509803,0.8823529411764706,3.8857142857142857,10.714285714285714,2.55,13.16326530612245,0.43238095238095237,2.5510204081632653,1.8979591836734695,0.5714285714285714,0.5306122448979592,0.5918367346938775,0.2857142857142857
44472,400,0.16326530612244897,0.24489795918367346,0.08163265306122448,0.061224489795918366,0.02040816326530612,0.0,0.24489795918367346,0.10204081632653061,0.7142857142857143,0.9387755102040817,3.5473684210526315,9.693877551020408,2.8,11.653061224489797,0.45052631578947366,2.306122448979592,1.510204081632653,0.6326530612244898,0.42857142857142855,0.8571428571428571,0.20408163265306123
44384,950,0.3728813559322034,0.4576271186440678,0.22033898305084745,0.0847457627118644,0.05084745762711865,0.05084745762711865,0.423728813559322,0.06779661016949153,1.4915254237288136,1.7457627118644068,4.219889502762431,16.454545454545453,3.6176470588235294,22.418181818181818,0.4408839779005525,4.5636363636363635,2.418181818181818,1.309090909090909,0.6727272727272727,0.6909090909090909,0.8181818181818182
44300,1020,0.4411764705882353,0.47058823529411764,0.5294117647058824,0.11764705882352941,0.07352941176470588,0.029411764705882353,0.5588235294117647,0.19117647058823528,1.3676470588235294,1.8676470588235294,4.338680926916221,17.80952380952381,4.017857142857143,24.746031746031747,0.4393939393939394,4.761904761904762,2.7301587301587302,1.0158730158730158,0.9047619047619048,0.6984126984126984,1.1587301587301588
44442,640,0.15873015873015872,0.3492063492063492,0.15873015873015872,0.031746031746031744,0.1746031746031746,0.0,0.6031746031746031,0.12698412698412698,1.0793650793650793,0.9841269841269841,3.8333333333333335,11.80327868852459,3.5999999999999996,15.245901639344263,0.42916666666666664,2.80327868852459,1.9508196721311475,0.7540983606557377,0.5245901639344263,0.9344262295081968,0.3770491803278688
44395,560,0.1346153846153846,0.3076923076923077,0.15384615384615385,0.019230769230769232,0.057692307692307696,0.0,0.5961538461538461,0.07692307692307693,0.7307692307692307,1.0192307692307692,4.15748031496063,10.36734693877551,3.380952380952381,14.204081632653061,0.4507874015748031,2.7346938775510203,1.7755102040816326,0.7142857142857143,0.5918367346938775,0.673469387755102,0.2653061224489796
44395,400,0.017241379310344827,0.25862068965517243,0.034482758620689655,0.0,0.034482758620689655,0.0,0.603448275862069,0.06896551724137931,0.4827586206896552,0.8448275862068966,4.0897703549060545,8.403508771929825,3.2063492063492065,11.31578947368421,0.453027139874739,2.245614035087719,1.4736842105263157,0.5789473684210527,0.5263157894736842,0.5614035087719298,0.19298245614035087
44089,360,0.1320754716981132,0.1320754716981132,0.1320754716981132,0.07547169811320754,0.07547169811320754,0.0,0.2641509433962264,0.03773584905660377,0.6415094339622641,0.8113207547169812,3.8852813852813854,8.884615384615385,2.710144927536232,10.961538461538462,0.4458874458874459,2.519230769230769,1.4230769230769231,0.5192307692307693,0.2692307692307692,0.6346153846153846,0.17307692307692307
44400,820,0.3023255813953488,0.46511627906976744,0.3488372093023256,0.046511627906976744,0.06976744186046512,0.0,0.8837209302325582,0.09302325581395349,1.186046511627907,1.3488372093023255,4.284697508896797,14.789473684210526,3.3472222222222223,20.81578947368421,0.46441281138790036,3.6315789473684212,2.710526315789474,0.9473684210526315,0.7105263157894737,0.8421052631578947,0.47368421052631576
44453,1220,0.5862068965517241,0.43103448275862066,0.5,0.13793103448275862,0.1206896551724138,0.0,0.7586206896551724,0.1206896551724138,1.4827586206896552,2.0689655172413794,4.38252427184466,20.6,3.990990990990991,30.02,0.4669902912621359,6.14,2.94,1.38,0.92,0.5,0.94
44472,570,0.18181818181818182,0.3409090909090909,0.22727272727272727,0.09090909090909091,0.022727272727272728,0.0,0.3181818181818182,0.13636363636363635,1.0227272727272727,1.25,3.5940959409594098,12.044444444444444,3.101449275362319,14.755555555555556,0.42988929889298894,2.8444444444444446,1.7555555555555555,0.7777777777777778,0.5333333333333333,1.0444444444444445,0.37777777777777777
44621,820,0.21666666666666667,0.5333333333333333,0.15,0.016666666666666666,0.08333333333333333,0.0,0.4666666666666667,0.15,1.1,1.15,4.349804941482445,13.732142857142858,3.357142857142857,19.178571428571427,0.4057217165149545,4.196428571428571,2.142857142857143,0.7321428571428571,0.48214285714285715,0.5357142857142857,0.30357142857142855
LSAT,1500,1.0397350993377483,0.6412803532008831,1.086092715231788,0.10375275938189846,0.30242825607064017,0.01434878587196468,1.4525386313465785,0.18653421633554085,3.2582781456953644,3.4690949227373067,4.450515105915036,30.526501766784452,8.518446601941747,45.56301531213192,0.20241540301732452,7.180212014134276,4.240282685512367,2.6277974087161367,1.3851590106007068,1.469964664310954,1.8186101295641932
44352,790,0.28888888888888886,0.26666666666666666,0.26666666666666666,0.044444444444444446,0.044444444444444446,0.0,0.6444444444444445,0.17777777777777778,1.2,1.4444444444444444,4.029411764705882,14.820512820512821,3.2533333333333334,19.153846153846153,0.458477508650519,4.282051282051282,2.1538461538461537,0.9487179487179487,0.6666666666666666,0.7692307692307693,0.358974358974359
44271,1210,0.5365853658536586,0.6585365853658537,0.7317073170731707,0.07317073170731707,0.24390243902439024,0.024390243902439025,1.024390243902439,0.12195121951219512,1.853658536585366,2.7560975609756095,4.278270509977827,23.736842105263158,3.802197802197802,33.3421052631579,0.417960088691796,5.447368421052632,3.763157894736842,2.1842105263157894,1.105263157894737,0.7368421052631579,1.236842105263158
44482,1220,0.6046511627906976,0.4186046511627907,0.5116279069767442,0.37209302325581395,0.046511627906976744,0.0,0.5813953488372093,0.11627906976744186,1.813953488372093,2.7209302325581395,4.163440860215053,24.473684210526315,5.405405405405405,32.60526315789474,0.4698924731182796,7.921052631578948,2.8684210526315788,1.8157894736842106,0.7631578947368421,0.9736842105263158,1.1842105263157894
44357,1070,0.38461538461538464,0.5961538461538461,0.21153846153846154,0.19230769230769232,0.07692307692307693,0.0,0.7115384615384616,0.15384615384615385,1.5961538461538463,1.9230769230769231,4.243087557603687,18.869565217391305,4.283950617283951,26.41304347826087,0.43317972350230416,5.608695652173913,2.9130434782608696,1.2391304347826086,0.6739130434782609,0.43478260869565216,0.7608695652173914
44331,810,0.31666666666666665,0.75,0.2,0.03333333333333333,0.2833333333333333,0.016666666666666666,1.05,0.16666666666666666,0.8333333333333334,1.45,4.313850063532402,14.053571428571429,2.8349514563106792,19.642857142857142,0.41296060991105465,2.8035714285714284,2.892857142857143,1.3214285714285714,0.6785714285714286,0.8214285714285714,0.2857142857142857
44322,910,0.24074074074074073,0.5925925925925926,0.46296296296296297,0.07407407407407407,0.07407407407407407,0.018518518518518517,0.5740740740740741,0.018518518518518517,1.2222222222222223,1.3888888888888888,4.383091149273448,15.14,3.840909090909091,21.16,0.47820343461030385,4.7,2.26,0.92,0.32,0.56,0.62
44453,860,0.2903225806451613,0.5161290322580645,0.25806451612903225,0.11290322580645161,0.11290322580645161,0.0,0.6935483870967742,0.12903225806451613,1.0161290322580645,1.3548387096774193,4.237695078031212,14.875,3.6276595744680855,20.642857142857142,0.453781512605042,4.25,2.375,0.7678571428571429,0.6607142857142857,0.6607142857142857,0.5714285714285714
44621,610,0.17391304347826086,0.5217391304347826,0.06521739130434782,0.021739130434782608,0.15217391304347827,0.0,0.5,0.21739130434782608,0.8260869565217391,0.8043478260869565,4.115702479338843,11.0,3.207547169811321,14.613636363636363,0.39462809917355374,3.022727272727273,2.1363636363636362,0.5227272727272727,0.4090909090909091,0.5454545454545454,0.2727272727272727
44418,830,0.3157894736842105,0.49122807017543857,0.21052631578947367,0.017543859649122806,0.10526315789473684,0.0,0.7719298245614035,0.03508771929824561,1.280701754385965,1.3508771929824561,4.215404699738904,13.678571428571429,3.1111111111111107,18.232142857142858,0.4464751958224543,3.875,2.25,0.8571428571428571,0.42857142857142855,0.5535714285714286,0.39285714285714285
44331,1210,0.8372093023255814,1.0,0.5348837209302325,0.09302325581395349,0.3023255813953488,0.023255813953488372,1.4883720930232558,0.27906976744186046,1.744186046511628,2.488372093023256,4.321120689655173,23.794871794871796,3.190909090909091,33.58974358974359,0.4245689655172414,4.871794871794871,4.435897435897436,2.1794871794871793,1.1025641025641026,1.358974358974359,1.1025641025641026
44331,570,0.2553191489361702,0.5319148936170213,0.0851063829787234,0.02127659574468085,0.0851063829787234,0.0,0.5531914893617021,0.1702127659574468,0.6595744680851063,1.0,4.348008385744235,10.840909090909092,2.492957746478873,15.068181818181818,0.41509433962264153,2.3181818181818183,2.340909090909091,1.1590909090909092,0.5,0.6590909090909091,0.13636363636363635
44266,820,0.2714285714285714,0.5,0.18571428571428572,0.12857142857142856,0.08571428571428572,0.0,0.4,0.11428571428571428,1.2285714285714286,1.042857142857143,4.235294117647059,14.0,3.89010989010989,20.044117647058822,0.40441176470588236,4.132352941176471,2.176470588235294,0.6764705882352942,0.4852941176470588,0.6911764705882353,0.5882352941176471
43993,890,0.3492063492063492,0.6507936507936508,0.5396825396825397,0.031746031746031744,0.09523809523809523,0.0,0.9841269841269841,0.1111111111111111,1.1111111111111112,1.6507936507936507,4.146179401993355,16.418181818181818,3.403669724770642,22.163636363636364,0.4407530454042082,3.4727272727272727,3.0545454545454547,1.6545454545454545,0.6909090909090909,1.1636363636363636,0.8363636363636363
43993,660,0.4426229508196721,0.5573770491803278,0.21311475409836064,0.0,0.08196721311475409,0.0,0.9344262295081968,0.16393442622950818,0.8688524590163934,1.3770491803278688,3.971774193548387,12.827586206896552,2.9029126213592233,16.603448275862068,0.44086021505376344,2.5344827586206895,2.7241379310344827,1.1896551724137931,0.6379310344827587,0.8103448275862069,0.5344827586206896
44581,1170,0.625,0.5833333333333334,0.5208333333333334,0.08333333333333333,0.1875,0.0,0.7916666666666666,0.10416666666666667,1.9166666666666667,1.7916666666666667,4.383167220376523,20.066666666666666,3.63265306122449,28.711111111111112,0.42967884828349945,5.466666666666667,3.3333333333333335,0.9111111111111111,0.7777777777777778,1.2,0.8444444444444444
44442,510,0.057692307692307696,0.36538461538461536,0.1346153846153846,0.019230769230769232,0.17307692307692307,0.0,0.5,0.1346153846153846,0.9423076923076923,0.7692307692307693,3.776937618147448,10.795918367346939,3.1571428571428575,13.53061224489796,0.44801512287334594,2.5306122448979593,1.8775510204081634,0.7346938775510204,0.3469387755102041,0.8979591836734694,0.30612244897959184
44352,400,0.0967741935483871,0.11290322580645161,0.03225806451612903,0.0,0.03225806451612903,0.0,0.4032258064516129,0.12903225806451613,0.5645161290322581,1.096774193548387,3.8536121673003803,8.915254237288135,3.4098360655737703,11.101694915254237,0.4296577946768061,2.3559322033898304,1.3220338983050848,0.6610169491525424,0.576271186440678,0.5084745762711864,0.1016949152542373
44428,1060,0.5161290322580645,0.4838709677419355,0.25806451612903225,0.11290322580645161,0.04838709677419355,0.016129032258064516,0.7258064516129032,0.0967741935483871,1.7419354838709677,2.0161290322580645,4.053456221198156,19.727272727272727,3.972972972972973,26.29090909090909,0.4368663594470046,5.290909090909091,2.981818181818182,1.2545454545454546,0.6363636363636364,1.0363636363636364,1.0909090909090908
44357,590,0.1111111111111111,0.3888888888888889,0.07407407407407407,0.09259259259259259,0.05555555555555555,0.0,0.7777777777777778,0.037037037037037035,0.7037037037037037,1.1666666666666667,4.081180811808118,10.84,3.26984126984127,14.28,0.4188191881918819,2.94,2.28,0.5,0.54,0.38,0.2
44118,830,0.543859649122807,0.6666666666666666,0.2807017543859649,0.19298245614035087,0.03508771929824561,0.0,0.7368421052631579,0.12280701754385964,1.2105263157894737,1.1403508771929824,3.938443670150987,16.88235294117647,3.1485148514851486,21.647058823529413,0.413472706155633,4.03921568627451,3.0,0.5294117647058824,0.5294117647058824,1.5686274509803921,0.7058823529411765
44581,600,0.15384615384615385,0.3076923076923077,0.24615384615384617,0.0,0.26153846153846155,0.0,0.8461538461538461,0.046153846153846156,1.0615384615384615,0.8615384615384616,4.2137628111273795,11.383333333333333,3.2345679012345676,15.133333333333333,0.40995607613469986,3.15,2.1166666666666667,0.48333333333333334,0.38333333333333336,0.6666666666666666,0.3333333333333333
44400,550,0.21311475409836064,0.3770491803278688,0.13114754098360656,0.0,0.03278688524590164,0.0,0.6885245901639344,0.08196721311475409,0.7868852459016393,1.2131147540983607,4.090759075907591,11.018181818181818,3.0142857142857142,14.709090909090909,0.38943894389438943,2.5272727272727273,2.1272727272727274,0.7272727272727273,0.7272727272727273,0.509090909090909,0.34545454545454546
44400,430,0.1111111111111111,0.2916666666666667,0.1527777777777778,0.0,0.041666666666666664,0.0,0.5972222222222222,0.09722222222222222,0.7222222222222222,0.875,3.9047619047619047,9.130434782608695,2.7974683544303796,11.797101449275363,0.3873015873015873,1.8695652173913044,1.826086956521739,0.5507246376811594,0.5942028985507246,0.5072463768115942,0.21739130434782608
44395,810,0.16666666666666666,0.6190476190476191,0.23809523809523808,0.047619047619047616,0.11904761904761904,0.0,0.9285714285714286,0.09523809523809523,0.9761904761904762,1.4285714285714286,4.261425959780621,13.675,3.676923076923077,19.375,0.4826325411334552,3.525,2.575,1.025,0.675,0.9,0.425
44472,790,0.2857142857142857,0.39285714285714285,0.48214285714285715,0.19642857142857142,0.0,0.017857142857142856,0.42857142857142855,0.17857142857142858,1.0178571428571428,1.625,3.66270783847981,16.192307692307693,3.406593406593407,20.46153846153846,0.4014251781472684,3.6346153846153846,2.2884615384615383,0.9807692307692307,0.9230769230769231,1.4807692307692308,0.6923076923076923
44118,570,0.2553191489361702,0.40425531914893614,0.0851063829787234,0.1276595744680851,0.02127659574468085,0.0,0.425531914893617,0.0425531914893617,0.9787234042553191,0.5319148936170213,3.864541832669323,11.674418604651162,3.396551724137931,14.418604651162791,0.4262948207171315,3.3488372093023258,2.0232558139534884,0.32558139534883723,0.27906976744186046,0.813953488372093,0.27906976744186046
44418,1050,0.5471698113207547,0.5471698113207547,0.3584905660377358,0.018867924528301886,0.11320754716981132,0.0,0.9245283018867925,0.11320754716981132,1.6415094339622642,1.9433962264150944,4.277777777777778,18.75,3.865979381443299,25.395833333333332,0.4666666666666667,5.375,2.75,1.2916666666666667,0.7083333333333334,0.6666666666666666,0.7708333333333334
44118,980,0.7142857142857143,0.8571428571428571,0.42857142857142855,0.21428571428571427,0.05357142857142857,0.017857142857142856,0.9107142857142857,0.14285714285714285,1.3571428571428572,1.25,3.873855544252289,19.66,3.185840707964602,25.06,0.40996948118006105,4.5,3.52,0.62,0.68,1.88,1.02
44621,1040,0.3484848484848485,0.48484848484848486,0.36363636363636365,0.06060606060606061,0.07575757575757576,0.0,0.5303030303030303,0.10606060606060606,1.5454545454545454,1.3181818181818181,4.586108468125595,17.8135593220339,4.206185567010309,26.54237288135593,0.42150333016175073,5.762711864406779,2.5254237288135593,0.9322033898305084,0.6101694915254238,0.6610169491525424,0.5423728813559322
44266,1020,0.5571428571428572,0.5857142857142857,0.2857142857142857,0.22857142857142856,0.12857142857142856,0.0,0.5714285714285714,0.15714285714285714,1.5,1.542857142857143,4.281427412814274,18.681818181818183,4.130841121495327,26.924242424242426,0.38605028386050283,5.303030303030303,2.8636363636363638,1.0,0.7575757575757576,0.8181818181818182,0.8939393939393939
44266,560,0.21428571428571427,0.5178571428571429,0.05357142857142857,0.125,0.05357142857142857,0.0,0.35714285714285715,0.03571428571428571,0.7678571428571429,0.7321428571428571,4.063227953410982,11.12962962962963,3.476923076923077,15.222222222222221,0.41098169717138106,3.0555555555555554,1.962962962962963,0.5,0.2962962962962963,0.7962962962962963,0.4074074074074074
44294,530,0.2708333333333333,0.375,0.22916666666666666,0.0625,0.14583333333333334,0.0,0.6875,0.08333333333333333,0.7291666666666666,0.9375,3.511764705882353,10.851063829787234,3.4776119402985075,13.446808510638299,0.503921568627451,2.702127659574468,2.0638297872340425,0.425531914893617,0.40425531914893614,0.9148936170212766,0.44680851063829785
44322,1200,0.5102040816326531,0.7551020408163265,0.6530612244897959,0.2653061224489796,0.14285714285714285,0.02040816326530612,0.7755102040816326,0.08163265306122448,1.9795918367346939,2.4081632653061225,4.48406374501992,22.818181818181817,4.34,33.59090909090909,0.46115537848605576,6.931818181818182,3.0,1.5681818181818181,0.4772727272727273,1.0,1.0681818181818181
44482,610,0.09433962264150944,0.20754716981132076,0.09433962264150944,0.1509433962264151,0.07547169811320754,0.0,0.33962264150943394,0.018867924528301886,0.8113207547169812,0.9622641509433962,3.875,12.0,4.615384615384615,15.0,0.4692028985507246,4.021739130434782,1.6521739130434783,0.5869565217391305,0.2826086956521739,0.782608695652174,0.3695652173913043
44221,700,0.21875,0.625,0.1875,0.0625,0.0625,0.0,0.625,0.171875,0.984375,0.734375,3.9482120838471024,13.982758620689655,3.792207792207792,17.724137931034484,0.40567200986436497,3.3793103448275863,2.6379310344827585,0.3448275862068966,0.5344827586206896,1.5344827586206897,0.603448275862069
44256,1160,0.6222222222222222,0.37777777777777777,0.4222222222222222,0.2,0.15555555555555556,0.0,0.8222222222222222,0.2222222222222222,1.3555555555555556,2.111111111111111,4.217503217503218,21.0,4.605263157894737,29.64864864864865,0.47876447876447875,5.5675675675675675,3.27027027027027,1.3783783783783783,1.135135135135135,0.7027027027027027,0.6216216216216216
44089,790,0.24444444444444444,0.28888888888888886,0.4444444444444444,0.15555555555555556,0.15555555555555556,0.0,0.4888888888888889,0.06666666666666667,1.1777777777777778,1.511111111111111,4.1694656488549615,15.232558139534884,3.6500000000000004,20.325581395348838,0.4687022900763359,4.744186046511628,2.046511627906977,0.9069767441860465,0.5348837209302325,0.6046511627906976,0.627906976744186
44294,690,0.3,0.45,0.3333333333333333,0.11666666666666667,0.13333333333333333,0.03333333333333333,0.7166666666666667,0.08333333333333333,1.0666666666666667,0.8666666666666667,3.575679172056921,13.803571428571429,3.629213483146067,17.410714285714285,0.4592496765847348,3.5535714285714284,2.4285714285714284,0.5178571428571429,0.35714285714285715,1.0357142857142858,0.8214285714285714
44508,1060,0.5510204081632653,0.5714285714285714,0.20408163265306123,0.08163265306122448,0.061224489795918366,0.0,0.9591836734693877,0.04081632653061224,1.6122448979591837,2.020408163265306,4.398252184769039,17.8,3.898876404494382,25.31111111111111,0.4544319600499376,5.177777777777778,2.8666666666666667,0.9111111111111111,0.9555555555555556,0.8,0.5111111111111111
44352,660,0.18181818181818182,0.16363636363636364,0.09090909090909091,0.05454545454545454,0.05454545454545454,0.0,0.5818181818181818,0.14545454545454545,1.0545454545454545,1.290909090909091,3.8969889064976226,12.372549019607844,3.4657534246575343,15.627450980392156,0.4358161648177496,3.549019607843137,1.6666666666666667,0.9019607843137255,0.45098039215686275,0.6862745098039216,0.3137254901960784
44331,1040,0.6551724137931034,0.8448275862068966,0.3448275862068966,0.034482758620689655,0.27586206896551724,0.0,1.3103448275862069,0.2413793103448276,1.3448275862068966,2.0,4.294757665677547,18.381818181818183,3.2413793103448274,25.654545454545456,0.41543026706231456,3.8,3.4727272727272727,1.6727272727272726,0.9090909090909091,1.2,0.7272727272727273
41496,860,0.359375,0.53125,0.1875,0.09375,0.03125,0.0,0.78125,0.125,1.25,1.484375,4.376496191512514,15.065573770491802,4.275862068965518,21.42622950819672,0.44178454842219805,4.377049180327869,2.5901639344262297,1.0655737704918034,0.5081967213114754,0.7704918032786885,0.3114754098360656
44300,800,0.2676056338028169,0.4225352112676056,0.28169014084507044,0.04225352112676056,0.04225352112676056,0.014084507042253521,0.5211267605633803,0.14084507042253522,1.0,1.2394366197183098,4.339021615472127,13.523076923076923,3.4563106796116507,18.723076923076924,0.44254835039817975,3.4615384615384617,2.3846153846153846,0.7076923076923077,0.676923076923077,0.676923076923077,0.6461538461538462
44357,1220,0.5,0.6521739130434783,0.21739130434782608,0.21739130434782608,0.043478260869565216,0.0,0.6956521739130435,0.1956521739130435,1.673913043478261,2.0652173913043477,4.275905118601748,20.53846153846154,4.466666666666667,29.23076923076923,0.4544319600499376,6.0,3.1794871794871793,1.4871794871794872,0.6923076923076923,0.46153846153846156,0.8205128205128205
44400,680,0.3157894736842105,0.40350877192982454,0.22807017543859648,0.017543859649122806,0.05263157894736842,0.0,0.7543859649122807,0.08771929824561403,1.087719298245614,1.2982456140350878,4.157421289355322,12.584905660377359,2.963855421686747,17.32075471698113,0.4047976011994003,3.018867924528302,2.2452830188679247,0.8301886792452831,0.7358490566037735,0.5660377358490566,0.32075471698113206
44428,950,0.3787878787878788,0.3939393939393939,0.18181818181818182,0.10606060606060606,0.06060606060606061,0.015151515151515152,0.6363636363636364,0.045454545454545456,1.4090909090909092,1.7878787878787878,4.074534161490683,17.25,3.9320388349514563,23.142857142857142,0.44824016563146996,4.767857142857143,2.5714285714285716,1.0714285714285714,0.5357142857142857,0.9464285714285714,0.8035714285714286
44322,610,0.058823529411764705,0.3137254901960784,0.21568627450980393,0.0392156862745098,0.058823529411764705,0.0,0.39215686274509803,0.0196078431372549,0.8627450980392157,0.6470588235294118,4.221774193548387,10.553191489361701,3.4126984126984126,14.063829787234043,0.46169354838709675,3.4680851063829787,1.6170212765957446,0.3829787234042553,0.2127659574468085,0.44680851063829785,0.19148936170212766
44428,830,0.31343283582089554,0.3283582089552239,0.14925373134328357,0.1044776119402985,0.07462686567164178,0.029850746268656716,0.5970149253731343,0.029850746268656716,1.1343283582089552,1.5223880597014925,3.997719498289624,14.616666666666667,3.842105263157895,19.216666666666665,0.44583808437856326,4.0,2.2333333333333334,0.8,0.5333333333333333,0.8833333333333333,0.7
43993,560,0.4318181818181818,0.4318181818181818,0.22727272727272727,0.0,0.0,0.0,0.7272727272727273,0.09090909090909091,0.6818181818181818,1.1363636363636365,3.9625,11.162790697674419,2.769230769230769,14.604651162790697,0.49375,2.3488372093023258,2.302325581395349,1.0,0.627906976744186,0.6744186046511628,0.32558139534883723
42157,1020,0.6111111111111112,0.5416666666666666,0.5694444444444444,0.1111111111111111,0.1111111111111111,0.013888888888888888,0.9305555555555556,0.125,1.6805555555555556,1.8194444444444444,4.170015455950541,18.753623188405797,3.659259259259259,25.130434782608695,0.4142194744976816,4.797101449275362,2.9130434782608696,1.3478260869565217,0.6666666666666666,0.9565217391304348,0.9855072463768116
41496,1220,0.6617647058823529,0.6470588235294118,0.5441176470588235,0.10294117647058823,0.07352941176470588,0.029411764705882353,0.9411764705882353,0.10294117647058823,1.9705882352941178,2.088235294117647,4.594395280235989,22.983050847457626,4.955357142857143,34.20338983050848,0.44321533923303835,7.11864406779661,3.559322033898305,1.728813559322034,0.711864406779661,1.0169491525423728,0.8983050847457628
44384,1070,0.5,0.4827586206896552,0.27586206896551724,0.1206896551724138,0.05172413793103448,0.06896551724137931,0.5517241379310345,0.10344827586206896,1.7241379310344827,1.9482758620689655,4.2392392392392395,18.5,3.718181818181818,25.38888888888889,0.4394394394394394,5.018518518518518,2.611111111111111,1.5,0.6851851851851852,0.7222222222222222,0.9629629629629629
44482,890,0.24561403508771928,0.2807017543859649,0.24561403508771928,0.21052631578947367,0.07017543859649122,0.0,0.38596491228070173,0.07017543859649122,1.280701754385965,1.736842105263158,4.01668653158522,16.78,5.132352941176471,21.82,0.4541120381406436,5.4,2.04,1.26,0.46,0.78,0.6
44266,1130,0.639344262295082,0.6557377049180327,0.4098360655737705,0.2459016393442623,0.11475409836065574,0.0,0.6065573770491803,0.19672131147540983,1.8360655737704918,1.8524590163934427,4.306698950766747,21.0,4.254716981132075,30.389830508474578,0.39063761097659405,5.88135593220339,3.1864406779661016,1.0508474576271187,0.864406779661017,1.0,1.0338983050847457
44418,1220,0.6086956521739131,0.6521739130434783,0.4782608695652174,0.043478260869565216,0.08695652173913043,0.0,1.0,0.13043478260869565,2.0,2.4130434782608696,4.379732739420936,22.45,4.020833333333333,31.6,0.4755011135857461,6.325,3.15,1.75,0.875,0.75,1.175
44118,710,0.38596491228070173,0.7543859649122807,0.22807017543859648,0.14035087719298245,0.03508771929824561,0.0,0.631578947368421,0.10526315789473684,1.0350877192982457,0.8596491228070176,3.86046511627907,14.333333333333334,3.095744680851064,18.037037037037038,0.417312661498708,3.5185185185185186,2.6296296296296298,0.37037037037037035,0.48148148148148145,1.3703703703703705,0.42592592592592593
44294,790,0.3584905660377358,0.5094339622641509,0.39622641509433965,0.1509433962264151,0.1509433962264151,0.03773584905660377,0.7735849056603774,0.09433962264150944,1.150943396226415,0.9433962264150944,3.663538873994638,15.224489795918368,3.7701149425287355,19.510204081632654,0.4785522788203753,4.061224489795919,2.63265306122449,0.6326530612244898,0.42857142857142855,1.0816326530612246,0.9591836734693877
44453,1060,0.43333333333333335,0.43333333333333335,0.5,0.1,0.13333333333333333,0.0,0.85,0.1,1.5,1.9333333333333333,4.343240651965484,18.29824561403509,4.009174311926605,26.403508771929825,0.4592521572387344,5.385964912280702,2.719298245614035,1.1403508771929824,0.7719298245614035,0.5263157894736842,0.8070175438596491
44294,380,0.1,0.25,0.08333333333333333,0.05,0.11666666666666667,0.0,0.5,0.03333333333333333,0.5666666666666667,0.6333333333333333,3.4897119341563787,8.836363636363636,3.338709677419355,10.945454545454545,0.48559670781893005,2.309090909090909,1.7454545454545454,0.34545454545454546,0.32727272727272727,0.8,0.2909090909090909
44452,830,0.42857142857142855,0.6190476190476191,0.1111111111111111,0.09523809523809523,0.19047619047619047,0.0,1.0158730158730158,0.047619047619047616,1.1587301587301588,1.2380952380952381,4.260579064587973,14.966666666666667,3.5531914893617023,20.633333333333333,0.41648106904231624,4.033333333333333,2.8833333333333333,0.6,0.5,0.9,0.4666666666666667
44453,610,0.16981132075471697,0.4528301886792453,0.11320754716981132,0.1320754716981132,0.05660377358490566,0.0,0.5471698113207547,0.05660377358490566,0.6037735849056604,0.9433962264150944,4.245318352059925,10.89795918367347,3.3846153846153846,14.83673469387755,0.45318352059925093,3.4285714285714284,1.9591836734693877,0.4897959183673469,0.5306122448979592,0.3877551020408163,0.3469387755102041
44300,540,0.21428571428571427,0.375,0.14285714285714285,0.017857142857142856,0.03571428571428571,0.0,0.39285714285714285,0.07142857142857142,0.6071428571428571,1.0,4.321361058601134,9.796296296296296,2.958904109589041,13.444444444444445,0.4499054820415879,2.425925925925926,1.9074074074074074,0.5370370370370371,0.5,0.6666666666666666,0.24074074074074073
44271,580,0.06382978723404255,0.3829787234042553,0.14893617021276595,0.0,0.0851063829787234,0.0,0.48936170212765956,0.10638297872340426,0.9361702127659575,1.0212765957446808,4.004056795131846,11.204545454545455,2.909090909090909,14.090909090909092,0.4340770791075051,2.772727272727273,1.9318181818181819,0.8181818181818182,0.5,0.5681818181818182,0.3181818181818182
44367,820,0.3,0.42857142857142855,0.12857142857142856,0.11428571428571428,0.17142857142857143,0.0,0.6857142857142857,0.11428571428571428,1.0857142857142856,1.5714285714285714,4.324618736383442,14.123076923076923,3.63265306122449,19.2,0.4117647058823529,4.0,2.3692307692307693,1.1076923076923078,0.4307692307692308,0.5384615384615384,0.5846153846153846
44221,950,0.38596491228070173,0.7192982456140351,0.45614035087719296,0.07017543859649122,0.017543859649122806,0.0,0.7368421052631579,0.15789473684210525,1.456140350877193,1.0350877192982457,3.914460285132383,19.254901960784313,4.0777777777777775,24.313725490196077,0.4063136456211813,4.764705882352941,3.196078431372549,0.6862745098039216,0.5686274509803921,1.9215686274509804,1.0392156862745099
44107,1260,0.6818181818181818,0.8181818181818182,0.6363636363636364,0.06818181818181818,0.1590909090909091,0.0,1.0681818181818181,0.3409090909090909,1.9772727272727273,2.4318181818181817,4.54384133611691,23.95,3.8387096774193545,35.775,0.4112734864300626,5.9,3.6,1.8,1.525,0.9,1.125
44482,1060,0.38461538461538464,0.34615384615384615,0.4423076923076923,0.25,0.057692307692307696,0.0,0.46153846153846156,0.09615384615384616,1.6538461538461537,2.519230769230769,4.0617408906882595,21.47826086956522,5.407894736842105,27.956521739130434,0.44534412955465585,6.891304347826087,2.391304347826087,1.673913043478261,0.6304347826086957,0.9565217391304348,0.8478260869565217
41496,1030,0.4657534246575342,0.547945205479452,0.3835616438356164,0.0958904109589041,0.0547945205479452,0.0136986301369863,0.8493150684931506,0.0821917808219178,1.5068493150684932,1.9452054794520548,4.557723577235772,18.35820895522388,4.805825242718447,27.17910447761194,0.43577235772357725,5.567164179104478,2.925373134328358,1.373134328358209,0.6268656716417911,0.9402985074626866,0.6268656716417911
44367,570,0.14814814814814814,0.4444444444444444,0.14814814814814814,0.037037037037037035,0.1111111111111111,0.0,0.4074074074074074,0.05555555555555555,0.6296296296296297,0.8148148148148148,4.194706994328922,10.795918367346939,3.0,13.959183673469388,0.45179584120982985,3.2857142857142856,1.9387755102040816,0.8163265306122449,0.24489795918367346,0.5714285714285714,0.2653061224489796
44621,1220,0.5,0.5517241379310345,0.4827586206896552,0.06896551724137931,0.1206896551724138,0.0,0.7241379310344828,0.1206896551724138,2.1551724137931036,1.9827586206896552,4.651724137931034,21.88679245283019,4.470588235294118,33.264150943396224,0.4224137931034483,6.830188679245283,3.0943396226415096,1.4339622641509433,0.6226415094339622,0.6792452830188679,0.8867924528301887
